{"cameraMode":{"drawMode":0,"name":"Shaded","section":"Shading Mode"},"sceneLighting":true,"audioPlay":false,"sceneViewState":{"showFog":true,"showMaterialUpdate":false,"showSkybox":true,"showFlares":true,"showImageEffects":true,"showParticleSystems":true},"in2DMode":false,"pivot":{"x":-0.23504352569580079,"y":-3.2233142852783205,"z":-0.7653396129608154},"rotation":{"x":0.42566925287246706,"y":0.5644093155860901,"z":-0.42490631341934206,"w":0.5654297471046448},"size":8.526108741760254,"orthographic":false}